{
  "templates": [{
    "name": "Classification and sentiment analysis on new Salesforce case",
    "description": "Use this template to enrich your new Salesforce cases with cognitive information like the classification of the case and what the tone of the case is. This helps you prioritize dealing with new cases and ensures they get the attention they require.",
    "summary": "Salesforce to 3 applications",
    "sourceApp": "salesforce",
    "targetApps": ["watsontoneanalyzer", "salesforce", "slack"],
    "tags": ["Salesforce", "Watson Tone Analyzer", "crm", "cognitive", "Slack", "support", "tone analysis", "case", "new case"],
    "offerings": ["app connect professional"]
  },
  {
    "name": "Create a new contact in Salesforce for a new Eventbrite order",
    "description": "When a new order for an event is created in Eventbrite, this flow tries to retrieve a matching contact in Salesforce by email address. If a matching contact is not found in Salesforce, the flow creates a new contact in Salesforce",
    "summary": "Eventbrite to Salesforce",
    "sourceApp": "eventbrite",
    "targetApps": ["salesforce"],
    "tags": ["eventbrite", "salesforce"],
    "offerings": ["app connect professional"]
  },
  {
    "name": "Add Eventbrite event as a new Salesforce campaign and notify via Slack",
    "description": "When a new event is created in Eventbrite, this flow tries to retrieve a matching campaign in Salesforce. If a matching campaign is not found in Salesforce, the flow creates a new campaign in Salesforce and adds a message to a Slack channel",
    "summary": "Eventbrite to 2 applications",
    "sourceApp": "eventbrite",
    "targetApps": ["salesforce", "slack"],
    "tags": ["eventbrite", "salesforce", "slack"],
    "offerings": ["app connect professional"]
  },
  {
    "name": "Sync new Salesforce cases and comments with ServiceNow",
    "description": "This template looks for new cases added in your Salesforce account and syncs this by creating a new ticket in ServiceNow that includes the comments from the original case.",
    "summary": "Salesforce to 2 applications",
    "sourceApp": "salesforce",
    "targetApps": ["salesforce","servicenow"],
    "tags": ["servicenow", "salesforce", "case", "support", "ticket"],
    "offerings": ["app connect professional"]
  },
  {
    "name": "Open a ticket on ServiceNow from an identified issue in Slack and send an email using Gmail",
    "description": "Use this template to open a ticket in ServiceNow directly from Slack using a simple slash command. The flow will send you an email using Gmail with the ticket ID number and creation date in the subject, and the description of the issue in the body of the email.",
    "summary": "Slack to 2 applications",
    "sourceApp": "slack",
    "targetApps": ["servicenow", "gmail"],
    "tags": ["servicenow", "slack", "gmail", "support", "ticket", "email"],
    "offerings": ["app connect professional"]
  },
  {
    "name": "Create a Slack translation bot",
    "description": "Configure a /translate Slack slash command and use this template to translate messages from English to French, and French to English. Use /translate before a message for the bot to identify the language and translate the message. A message then appears in the channel in both languages, allowing for real time multilingual chat.",
    "summary": "Slack to 2 applications",
    "sourceApp": "slack",
    "targetApps": ["watsonlt", "slack"],
    "tags": ["slack", "Watson Language Translator", "translate", "translation", "french", "english", "chat", "language"],
    "offerings": ["app connect professional"]
  },
  {
    "name": "Create a case in Salesforce when a new incident is created in ServiceNow and alert team",
    "description": "This template creates a new case in Salesforce when a new incident is created in ServiceNow. If this is an urgent incident, the flow then sends an email via Gmail and a message on Slack to alert the team when a highly urgent incident comes in to ServiceNow. This helps you to act quickly on your urgent support incidents!",
    "summary": "ServiceNow to 3 applications",
    "sourceApp": "servicenow",
    "targetApps": ["salesforce", "gmail", "slack"],
    "tags": ["servicenow", "gmail", "support", "email", "incident", "salesforce", "slack", "crm"],
    "offerings": ["app connect professional"]
  },
  {
    "name": "Sync Salesforce new cases with ServiceNow tickets",
    "description": "The template creates a new ticket in ServiceNow when a new case is created in Salesforce - helping you to keep your support services in sync!",
    "summary": "Salesforce to 2 applications",
    "sourceApp": "salesforce",
    "targetApps": ["salesforce","servicenow"],
    "tags": ["servicenow", "salesforce", "case", "support", "ticket"],
    "offerings": ["app connect professional"]
  },
  {
    "name": "Sync Marketo new leads with Salesforce Leads",
    "description": "Never miss a lead again! This templates creates or updates a new lead in Salesforce when a new lead is created in Marketo.",
    "summary": "Marketo to Salesforce",
    "sourceApp": "marketo",
    "targetApps": ["salesforce"],
    "tags": ["Salesforce", "marketo", "marketing", "lead", "crm"],
    "offerings": ["app connect professional"]
  },
  {
    "name": "Send Gmail message for a new Salesforce Lead or a Slack message if email address is missing",
    "description": "Use this template to send your new Salesforce leads an email. If there is no email ID included then send a Slack message to your team that someone needs to call the lead.",
    "summary": "Salesforce to 2 applications",
    "sourceApp": "salesforce",
    "targetApps": ["slack", "gmail"],
    "tags": ["Salesforce", "slack", "gmail", "marketing", "lead", "email", "crm"],
    "offerings": ["app connect professional"]
  },
  {
    "name": "Send Gmail message to new Salesforce lead",
    "description": "This template creates and sends an email via Gmail when a new lead is created in Salesforce. If there is no email provided for the lead then we log an error about the missing email.",
    "summary": "Salesforce to Gmail",
    "sourceApp": "salesforce",
    "targetApps": ["gmail"],
    "tags": ["Salesforce", "gmail", "marketing", "lead", "email", "crm"],
    "offerings": ["app connect professional"]
  },
  {
    "name": "Send Gmail message for new Slack message",
    "description": "This template sends a new Gmail message whenever a new message is received in Slack.",
    "summary": "Slack to Gmail",
    "sourceApp": "slack",
    "targetApps": ["gmail"],
    "tags": ["gmail", "slack", "email"],
    "offerings": ["app connect professional"]
  },
  {
    "name": "Create an Asana task from a Gmail message",
    "description": "This template creates a new task in Asana whenever a new Gmail message is received.",
    "summary": "Gmail to Asana",
    "sourceApp": "gmail",
    "targetApps": ["asana"],
    "tags": ["gmail", "asana"],
    "offerings": ["app connect professional"]
  },
  {
    "name": "Post Slack message for new Gmail message",
    "description": "This template creates a new message in Slack whenever a new Gmail message is received.",
    "summary": "Gmail to Slack",
    "sourceApp": "gmail",
    "targetApps": ["slack"],
    "tags": ["gmail", "slack", "email"],
    "offerings": ["app connect professional"]
  },
  {
    "name": "Sync Salesforce contacts and Mailchimp mailing list subscribers",
    "description": "This template adds new Salesforce contacts to Mailchimp lists and sends an email via Gmail to alert you if a contact's email address is missing.",
    "summary": "Salesforce to 3 applications",
    "sourceApp": "salesforce",
    "targetApps": ["salesforce", "gmail", "mailchimp"],
    "tags": ["Salesforce", "gmail", "marketing", "contact", "email", "crm", "mailchimp"],
    "offerings": ["app connect professional"]
 },
   {
    "name": "Assign ServiceNow incidents on Slack based on the language",
    "description": "This template uses Watson Language Translator to detect the language of new ServiceNow incidents, then send messages to the appropriate Slack channels based on the language.  It also sends a message to a separate Slack channel for the most urgent incidents.",
    "summary": "ServiceNow to 2 applications",
    "sourceApp": "servicenow",
    "targetApps": ["watsonlt", "slack"],
    "tags": ["ServiceNow", "Watson Language Translator", "support", "cognitive", "Slack", "incident", "messaging", "language detection"],
    "offerings": ["app connect professional"]
},
  {
    "name": "For large Salesforce opportunities send an email and create an Asana task",
    "description": "This template creates and sends an email via Gmail, and creates an Asana task, when a new high value opportunity is created in Salesforce.",
    "summary": "Salesforce to 2 applications",
    "sourceApp": "salesforce",
    "targetApps": ["gmail", "asana"],
    "tags": ["Salesforce", "gmail", "asana", "sales", "opportunity", "email", "crm"],
    "offerings": ["app connect professional"]
  },
{
 "name": "Arrange welcome drinks for an Eventbrite event",
 "description": "Use this template to organize welcome drinks for an Eventbrite event. Each attendee automatically receives a text message, via Twilio, which they can show on arrival to collect their complimentary drink. Your drinks order in Salesforce is automatically updated each time a new attendee registers. The organizer of the event is kept updated via Slack about the number of attendees registered, and is instructed to check and place the drinks order once your event is fully subscribed!",
 "summary": "Eventbrite to 4 applications",
 "sourceApp": "eventbrite",
 "targetApps": ["salesforce", "twilio", "eventbrite", "slack"],
 "tags": ["eventbrite", "slack", "salesforce", "twilio", "marketing", "hospitality", "events", "notification"],
 "offerings": ["app connect professional"]
},
 {
    "name": "Email tone detector",
    "description": "This template analyses the tone of your emails and alerts you when you receive emails with the same tone from the same sender. You specify the number of emails and the time period you want to monitor.",
    "summary": "Gmail to 3 applications",
    "sourceApp": "gmail",
    "targetApps": ["watsontoneanalyzer","slack"],
    "tags": ["watsontoneanalyzer", "slack", "sentiment", "support", "emails", "customer", "tone analysis", "detect", "situation", "notification"],
    "offerings": ["app connect professional"]
},
{
 "name": "Creating targeted contact lists based on unconverted leads and geography",
 "description": "This template triggers on a new Eventbrite event. It retrieves new unconverted leads from Salesforce and checks to see if their city features in the event.  If it does, they they are added to a newly created Eventbrite contact list which can be reviewed by the organisers, who are notified about this list creation in Slack.",
 "summary": "Eventbrite to 3 applications",
 "sourceApp": "eventbrite",
 "targetApps": ["eventbrite", "salesforce", "slack"],
 "tags": ["eventbrite", "slack", "salesforce", "contact", "marketing", "lead", "event", "matching", "city", "notification"],
 "offerings": ["app connect professional"]
},
  {
 "name": "Add attendee to Insightly and MailChimp",
 "description": "This template creates an Insightly lead when someone registers for an event in Eventbrite and additionally subscribes the attendee to a MailChimp campaign list.",
 "summary": "Eventbrite to 2 applications",
 "sourceApp": "eventbrite",
 "targetApps": ["insightly", "mailchimp"],
 "tags": ["eventbrite", "insightly", "mailchimp", "subscribe", "publicize", "promote", "marketing"],
 "offerings": ["app connect professional"]
},
  {
    "name": "Create new leads in Marketo by capturing lead names and details in Slack",
    "description": "Capturing leads at an event is never an easy task - consolidating these after the event is even harder. This template allows you to record your leads via the Slack phone app. This then records the contact in a Google sheet (to audit the creation), and then creates the contact in Marketo. A response is then sent on Slack giving the newly created Marketo contact id.",
    "summary": "Slack to 3 applications",
    "sourceApp": "slack",
    "targetApps": ["googlesheet", "marketo", "slack"],
    "tags": ["slack", "marketo", "googlesheets", "spreadsheet", "marketing", "contact", "lead", "leadcapturing"],
    "offerings": ["app connect professional"]
  },
  {
    "name": "Send a Gmail message when urgent ServiceNow incidents come in",
    "description": "This template sends an email via Gmail when a highly urgent incident comes in to ServiceNow. This helps you to act quickly on your urgent support incidents!",
    "summary": "ServiceNow to Gmail",
    "sourceApp": "servicenow",
    "targetApps": ["gmail"],
    "tags": ["servicenow", "gmail", "support", "email", "incident"],
    "offerings": ["app connect professional"]
  },
  {
    "name": "Create a new Trello card for a new Salesforce campaign",
    "description": "This template creates a new card in Trello when a new campaign is created in Salesforce - make sure you never forget to finish that campaign again!",
    "summary": "Salesforce to Trello",
    "sourceApp": "salesforce",
    "targetApps": ["trello"],
    "tags": ["salesforce", "trello", "marketing", "campaign", "project management", "crm"],
    "offerings": ["app connect professional"]
  },
  {
    "name": "Create a new Trello card for a new Salesforce lead",
    "description": "This template creates a new card in Trello when a new lead is created in Salesforce - make sure you never forget to follow up with that lead again!",
    "summary": "Salesforce to Trello",
    "sourceApp": "salesforce",
    "targetApps": ["trello"],
    "tags": ["Salesforce", "trello", "marketing", "lead", "project management", "crm"],
    "offerings": ["app connect professional"]
  },
  {
    "name": "Create a new Trello card for a new Salesforce case",
    "description": "This template creates a new card in Trello when a new case is created in Salesforce - make sure you never forget to follow up with that new case again!",
    "summary": "Salesforce to Trello",
    "sourceApp": "salesforce",
    "targetApps": ["trello"],
    "tags": ["Salesforce", "trello", "support", "case", "project management", "crm"],
    "offerings": ["app connect professional"]
  },
  {
    "name": "Create a new Trello card when a new event in Eventbrite is added",
    "description": "This template creates a new card in Trello when a new event is added in Eventbrite. You can use this template to track tasks such as checking attendee lists prior to the event.",
    "summary": "Eventbrite to Trello",
    "sourceApp": "eventbrite",
    "targetApps": ["trello"],
    "tags": ["eventbrite", "trello", "marketing", "events", "project management"],
    "offerings": ["app connect professional"]
  },
  {
  "name": "Create a Trello card for every new Insightly task",
  "description": "This template creates a new card in Trello when a new task is created in Insightly.",
  "summary": "Insightly to Trello",
  "sourceApp": "insightly",
  "targetApps": ["trello"],
  "tags": ["insightly", "trello", "business", "task", "card", "crm"],
  "offerings": ["app connect professional"]
},
   {
    "name": "Invite Sales employees to an Eventbrite event",
    "description": "This template retrieves details of your Sales staff from NetSuite HCM when a new event is created in Eventbrite.  It then sends them a message on Slack to invite them to the event.",
    "summary": "Eventbrite to 2 applications",
    "sourceApp": "eventbrite",
    "targetApps": ["netsuitehc", "slack"],
    "tags": ["eventbrite", "netsuite hcm", "slack", "crm", "messaging", "events"],
    "offerings": ["app connect professional"]
},
  {
    "name": "Add new Eventbrite attendees to MailChimp lists",
    "description": "This template adds attendees of Eventbrite events to different mailing lists in MailChimp, depending on the event that they sign up to.",
    "summary": "Eventbrite to MailChimp",
    "sourceApp": "eventbrite",
    "targetApps": ["mailchimp"],
    "tags": ["eventbrite", "mailchimp", "marketing", "events", "mailing list"],
    "offerings": ["app connect professional"]
  },
   {
    "name": "Send me a Slack notification for every new Insightly contact",
    "description": "Use this template to send a Slack notification to your chosen channel whenever a new contact is added in Insightly.",
    "summary": "Insightly to Slack",
    "sourceApp": "insightly",
    "targetApps": ["slack"],
    "tags": ["insightly", "slack", "sales", "notification", "contact"],
    "offerings": ["app connect professional"]
 },
  {
  "name": "Send me a Slack notification for every new Marketo lead",
  "description": "Use this template to send a Slack notification to your chosen channel whenever a new contact is added in Marketo.",
  "summary": "Marketo to Slack",
  "sourceApp": "marketo",
  "targetApps": ["slack"],
  "tags": ["marketo", "slack", "sales", "notification", "contact"],
  "offerings": ["app connect professional"]
},
 {
    "name": "Add a card to a list in Trello when a new lead is added in Marketo",
    "description": "This template creates a new card in Trello when a new lead is created in Marketo - make sure that you never forget to follow up with that lead again!",
    "summary": "Marketo to Trello",
    "sourceApp": "marketo",
    "targetApps": ["trello"],
    "tags": ["marketo", "trello", "lead", "card"],
    "offerings": ["app connect professional"]
  },
{
 "name": "Create a lead in Sugar CRM when a new Wufoo form is submitted",
 "description": "Use this template to create a lead in Sugar CRM when a new form entry is submitted from Wufoo.",
 "summary": "Wufoo to Sugar CRM",
 "sourceApp": "wufoo",
 "targetApps": ["sugarcrm"],
 "tags": ["wufoo", "sugarcrm", "sales", "marketing", "lead", "form"],
 "offerings": ["app connect professional"]
},
{
  "name": "Update or create Salesforce contact for a new event attendee and post to Slack depending on action",
  "description": "This template updates or creates a Salesforce contact when a new attendee signs up for an Eventbrite event, depending on whether the Salesforce contact exists. It then posts a message to a Slack channel, depending on whether the contact was created or updated.",
  "summary": "Eventbrite to 2 applications",
  "sourceApp": "eventbrite",
  "targetApps": ["salesforce", "slack"],
  "tags": ["eventbrite", "salesforce", "slack", "marketing", "events", "contact", "notification", "if", "conditional"],
  "offerings": ["app connect professional"]
},
{
 "name": "Send me a Slack notification for every new Asana task",
 "description": "Use this template to send a Slack notification when a new task is created in Asana.",
 "summary": "Asana to Slack",
 "sourceApp": "asana",
 "targetApps": ["slack"],
 "tags": ["asana", "slack", "business", "notification", "task"],
 "offerings": ["app connect professional"]
},
{
 "name": "Create an Asana task for every new Insigthly task",
 "description": "Use this template to create task in Asana when a new task added in Insightly.",
 "summary": "Insigthly to Asana",
 "sourceApp": "insightly",
 "targetApps": ["asana"],
 "tags": ["asana", "insightly", "business", "notification", "task", "crm"],
 "offerings": ["app connect professional"]
},
{
 "name": "Copy messages between Slack channels",
 "description": "Use this template to copy messages between two Slack channels. This can be between channels in the same Slack account or between channels in different Slack accounts.",
 "summary": "Slack to Slack",
 "sourceApp": "slack",
 "targetApps": ["slack"],
 "tags": ["slack", "channels", "message", "copy", "callback", "callback url"],
 "offerings": ["app connect professional"]
},
{
 "name": "Use a Slack slash command to send a Twilio SMS message",
 "description": "Use this template to send a Twilio SMS  directly from Slack using a slash command.",
 "summary": "Slack to Twilio",
 "sourceApp": "slack",
 "targetApps": ["twilio"],
 "tags": ["slack", "twilio"],
 "offerings": ["app connect professional"]
},
{
 "name": "Send me a Twilio SMS for every new Salesforce contact",
 "description": "Use this template to send an SMS from Twilio when a new contact is added in Salesforce.",
 "summary": "Salesforce to Twilio",
 "sourceApp": "salesforce",
 "targetApps": ["twilio"],
 "tags": ["salesforce", "twilio", "sms", "contact", "opportunity", "business"],
 "offerings": ["app connect professional"]
},
{
 "name": "Send me a Twilio SMS when a new row is added in Google Sheets",
 "description": "Use this template to send an SMS from Twilio when a new row is added in Google Sheets.",
 "summary": "Google Sheets to Twilio",
 "sourceApp": "googlesheet",
 "targetApps": ["twilio"],
 "tags": ["googlesheets", "twilio", "sms", "row", "business"],
 "offerings": ["app connect professional"]
},
{
 "name": "Send me a Twilio SMS when a new message arrives in Gmail",
 "description": "Use this template to send an SMS from Twilio when a new email arrives in your Gmail account.",
 "summary": "Gmail to Twilio",
 "sourceApp": "gmail",
 "targetApps": ["twilio"],
 "tags": ["gmail", "twilio", "sms", "email", "business"],
 "offerings": ["app connect professional"]
},
{
 "name": "Create a new contact in Acoustic Campaign when a new contact is added in Salesforce",
 "description": "Use this template to create a new contact in Acoustic Campaign when a new contact is created in the Salesforce.",
 "summary": "Salesforce to Acoustic Campaign",
 "sourceApp": "salesforce",
 "targetApps": ["silverpop"],
 "tags": ["salesforce", "silverpop", "marketing", "email", "contact"],
 "offerings": ["app connect professional"]
},
{
 "name": "Send me a Slack notification for every new Salesforce opportunity",
 "description": "Use this template to send a Slack notification to the sales team when a new opportunity is added in Salesforce.",
 "summary": "Salesforce to Slack",
 "sourceApp": "salesforce",
 "targetApps": ["slack"],
 "tags": ["salesforce", "slack", "sales", "opportunity", "notification"],
 "offerings": ["app connect professional"]
},
  {
    "name": "Send Gmail message when a new event is added in Eventbrite",
    "description": "This template creates and sends an email via Gmail when a new event is added in Eventbrite. You can use this template to boost sign ups to your events.",
    "summary": "Eventbrite to Gmail",
    "sourceApp": "eventbrite",
    "targetApps": ["gmail"],
    "tags": ["eventbrite", "gmail", "marketing", "events", "email"],
    "offerings": ["app connect professional"]
  },{
    "name": "Sync Salesforce Leads between accounts and check and record state",
    "description": "This template schedules a monthly synchronisation (batch) between the Leads of two Salesforce accounts. When it completes, a Gmail message is sent with the results of the operation.  You can use this template to perform a check on the status of a batch process.",
    "summary": "Scheduler to 2 applications",
    "sourceApp": "streaming-connector-scheduler",
    "targetApps": ["salesforce","gmail","slack"],
    "tags": ["batch", "completion", "scheduler","salesforce", "gmail", "email", "slack"],
    "offerings": ["app connect professional"]
  },{
    "name": "API to create or update leads in Salesforce based on a Google Sheets spreadsheet",
    "description": "This template creates an API to create or update leads in Salesforce for a specific event based on data collected in a Google Sheets spreadsheet.",
    "summary": "1 flow using 2 applications",
    "sourceApp": "api",
    "targetApps": ["googlesheet", "salesforce"],
    "tags": ["api", "salesforce", "googlesheets"],
    "offerings": ["app connect professional"]
  },{
    "name": "An API to create a contact in Salesforce using a name and email address",
    "description": "This is the template for an API used to create a new contact in Salesforce.",
    "summary": "1 flow using 1 application",
    "sourceApp": "api",
    "targetApps": ["salesforce"],
    "tags": ["api", "salesforce", "contact"],
    "offerings": ["app connect professional"]
  },{
    "name": "API to create leads in Salesforce using a csv file from Box",
    "description": "This API takes a URL to a Box document, and an optional event name. Using that information it retrieves the document, parses it to find the new leads generated and creates or updates those leads in Salesforce.",
    "summary": "1 flow using 3 applications",
    "sourceApp": "api",
    "targetApps": ["salesforce"],
    "tags": ["api", "box", "if", "salesforce", "lead"],
    "offerings": ["app connect professional"]
  },{
 "name": "Download a PDF attachment from Salesforce and add the PDF document to the Watson Discovery Service",
 "description": "Use this template to download an attachment from Salesforce and add the same document to the IBM Watson Discovery Service.",
 "summary": "Scheduler to 2 applications",
 "sourceApp": "streaming-connector-scheduler",
 "targetApps": ["salesforce", "watsondiscovery"],
 "tags": ["salesforce", "watsondiscovery", "scheduler", "document", "upload", "encoding"],
 "offerings": ["app connect professional"]
},{
"name": "Retrieve file content from Google Drive then add the document to the Watson Discovery Service",
 "description": "Use this template to retrieve file content from Google Drive and add the same document to the IBM Watson Discovery Service.",
 "summary": "Scheduler to 2 applications",
 "sourceApp": "streaming-connector-scheduler",
 "targetApps": ["googledrive", "watsondiscovery"],
 "tags": ["googledrive", "watsondiscovery", "scheduler", "document", "upload", "encoding"],
"offerings": ["app connect professional"]
},{
    "name": "Using the For each node and JSONata to process high priority issues",
    "description": "Use this template to receive a notification in the log for high priority issues.",
    "summary": "Scheduler to Atlassian Jira Service Desk",
    "sourceApp": "streaming-connector-scheduler",
    "targetApps": ["atlassianjira"],
    "tags": ["scheduler", "atlassianjira", "service desk", "tickets", "issues", "priority", "incidents", "JSONata", "for each", "log", "logging", "high", "highest"],
    "offerings": ["app connect professional"]
  },
  {
    "name": "Populate a Salesforce campaign with leads captured in IBM Db2",
    "description": "This template detects when a new campaign is created in Salesforce, identifies leads from the associated trade show whose details were stored in an IBM Db2 database, and then populates Salesforce with these leads.",
    "summary": "Salesforce to 2 applications",
    "sourceApp": "salesforce",
    "targetApps": ["ibmdb2", "salesforce"],
    "tags": ["Salesforce", "crm", "IBM Db2", "batch process", "lead"],
    "offerings": ["app connect professional"]
  },
 {
    "name": "At regular intervals extract Salesforce lead details and upload Box file with CSV output",
    "description": "This template gathers 10 leads from Salesforce, uses their names and email addresses to build a CSV file, then outputs the file to Box. The flow triggers once per day at 00:00 UTC.",
    "summary": "Scheduler to 2 applications",
    "sourceApp": "streaming-connector-scheduler",
    "targetApps": ["salesforce", "box"],
    "tags": ["CSV", "Comma-Separated Values", "Salesforce", "Box", "lead"],
    "offerings": ["app connect professional"]
  },
   {
    "name": "Sync products from IBM Db2 to Salesforce Commerce Cloud",
    "description": "Use this template to schedule a flow that runs once a day to retrieve new product records that were added to an IBM Db2 database, and then create corresponding products in Salesforce Commerce Cloud.",
    "summary": "Scheduler to 2 applications",
    "sourceApp": "streaming-connector-scheduler",
    "targetApps": ["ibmdb2", "sfcommerceclouddata"],
    "tags": ["scheduler", "ibmdb2", "sfcommerceclouddata", "database", "db2", "products", "sync", "web", "retrieve", "add", "commerce"],
    "offerings": ["app connect professional"]
  }, {
    "name": "API to retrieve source code repository details and send an email about inactive repositories",
    "description": "Use this template to find inactive source code repositories, then send an email to the repository owner so that they know which repositories to archive.",
    "summary": "1 flow using 2 applications",
    "sourceApp": "api",
    "targetApps": ["http", "gmail"],
    "tags": ["http node", "gmail", "JSON parse", "foreach", "retrieve with pagination", "pagination", "api flow"],
    "offerings": ["app connect professional"]
  },
   {
    "name": "Load NetSuite ERP products into Salesforce",
    "description": "Use this template to load products from NetSuite ERP into Salesforce at a regular occurring scheduled interval.",
    "summary": "Scheduler to 2 applications",
    "sourceApp": "streaming-connector-scheduler",
    "targetApps": ["netsuiteerp", "salesforce"],
    "tags": ["scheduler", "salesforce", "netsuiteerp", "scheduler", "JSON parser", "products", "sync", "load", "retrieve", "add", "create"],
    "offerings": ["app connect professional"]
  },
   {
    "name": "Sync leads between Salesforce accounts and send email with the sync result",
    "description": "Use this template to start a batch process using the scheduler node to retrieve leads from Salesforce Account 1 and then create or update leads in Salesforce Account 2. The flow will send a message to Slack to alert you when the batch process has started, and an email will be sent to your preferred email address with the status of the sync.",
    "summary": "Scheduler to 3 applications",
    "sourceApp": "streaming-connector-scheduler",
    "targetApps": ["salesforce", "slack", "gmail"],
    "tags": ["scheduler", "salesforce", "slack", "gmail", "batch", "process", "sync", "email", "retrieve", "add", "create", "update", "upsert", "leads", ""],
    "offerings": ["app connect professional"]
  },
   {
    "name": "Get PagerDuty schedule and update Slack user group and topic",
    "description": "Use this template to manage members of a Slack group based on a PagerDuty schedule.",
    "summary": "PagerDuty to Slack",
    "sourceApp": "streaming-connector-scheduler",
    "targetApps": ["http"],
    "tags": ["scheduler", "pagerduty", "JSON parser", "slack", "operations", "devops"],
    "offerings": ["app connect professional"]
  },
    {
      "name": "Synchronize data between SAP and Salesforce whenever the Salesforce contact is being updated",
      "description": "Use this template to sync data between SAP and Salesforce when a Salesforce contact is being updated. The flow will send a trigger from Salesforce to SAP whenever the details of a customer contact are being updated and check if the same customer exists in SAP using the unique customer ID. If the customer exists it will update their details and create a notification that the customer was found. If the customer does not exist in SAP it will create a notification that there was no such customer.",
      "summary": "Salesforce to SAP",
      "sourceApp": "salesforce",
      "targetApps": [
        "sap"
      ],
      "tags": [
        "update",
        "sap",
        "salesforce",
        "contact"
      ],
      "offerings": [
        "app connect professional"
      ]
    },
    {
      "name": "Welcome guide part 1 -  Announce new Eventbrite attendee on Slack",
      "description": "This template creates the flow created in the 'Welcome to IBM App Connect [Part 1 of 4]: Create a simple event-driven flow' video. Whenever a new attendee is added to an Eventbrite event, a message is create in Slack.",
      "summary": "Eventbrite to Slack",
      "sourceApp": "eventbrite",
      "targetApps": ["slack"],
      "tags": ["eventbrite","slack"],
      "offerings": ["app connect professional"]
    },
    {
      "name": "Welcome guide part 2 - Announce new Eventbrite attendee on Slack and send voucher",
      "description": "This template contains the flow created in the 'Welcome to IBM App Connect [Part 2 of 4]: Add logic to an event-driven flow' video. When new attendees register for an Eventbrite event, a message is posted to Slack, and if the attendee is walking to the event they'll also receive a text message via Twilio.",
      "summary": "Eventbrite to 2 applications",
      "sourceApp": "eventbrite",
      "targetApps": ["slack", "twilio"],
      "tags": ["eventbrite", "slack", "twilio"],
      "offerings": ["app connect professional"]
    },
    {
      "name": "Welcome guide part 3 - Create a CSV file in Box of the products in Salesforce",
      "description": "This template contains the flow created in the 'Welcome to IBM App Connect [Part 3 of 4]: Visually map and transform your data' video. Use it to retrieve a list of products for a particular product family from Salesforce, and use the products to generate a CSV file in Box on a schedule.",
      "summary": "Scheduler to 2 applications",
      "sourceApp": "streaming-connector-scheduler",
      "targetApps": ["salesforce", "box"],
      "tags": ["scheduler", "salesforce", "box"],
      "offerings": ["app connect professional"]
    },
    {
      "name": "Welcome guide part 4 - Flower order API",
      "description": "This template contains the API created in the 'Welcome to IBM App Connect [Part 4 of 4]: Create flows for an API' video. The API includes a flow to create a Trello card when new flowers are ordered for the festival, and it updates Salesforce with the quantity of flowers needed.",
      "summary": "1 flow using 2 applications",
      "sourceApp": "api",
      "targetApps": ["trello", "salesforce"],
      "tags": ["api", "salesforce", "trello"],
      "offerings": ["app connect professional"]
    },
    {
      "name": "Welcome guide setup 1 - Add products to Salesforce",
      "description": "Use this flow in conjuction with the templates for 'Welcome guide part 3 - Create a CSV file in Box of the products in Salesforce' and 'Welcome guide part 4 - Flower order API' to set up Salesforce products.",
      "summary": "Scheduler to 2 applications",
      "sourceApp": "streaming-connector-scheduler",
      "targetApps": ["googlesheet", "salesforce"],
      "tags": ["scheduler", "salesforce", "trello"],
      "offerings": ["app connect professional"]
    },
    {
      "name": "Welcome guide setup 2 - Create Sunflower Festival order in Salesforce",
      "description": "Use this template to create the Salesforce order needed for the 'Welcome guide part 4 - Flower order API' template.",
      "summary": "Scheduler to Salesforce",
      "sourceApp": "streaming-connector-scheduler",
      "targetApps": ["salesforce"],
      "tags": ["salesforce", "salesforce"],
      "offerings": ["app connect professional"]
    },
    {
      "name": "Welcome guide setup 3 - Delete flowers and order from Salesforce",
      "description": "This template contains a flow to delete the objects created in 'Welcome guide setup 1 - Add products to Salesforce' and 'Welcome guide setup 2 - Create Sunflower Festival order in Salesforce'.",
      "summary": "Scheduler to Salesforce",
      "sourceApp": "streaming-connector-scheduler",
      "targetApps": ["salesforce"],
      "tags": ["salesforce", "scheduler"],
      "offerings": ["app connect professional"]
    },
    {
      "name": "Add a Mailchimp subscriber from a Slack slash command",
      "description": "Use this template to add a new member as a subscriber of a Mailchimp list from a Slack slash command.",
      "summary": "Slack to Mailchimp",
      "sourceApp": "slack",
      "targetApps": ["mailchimp"],
      "tags": ["slack", "mailchimp"],
      "offerings": ["app connect professional"]
    },
    {
      "name": "Use Slack to notify of unprocessed Kronos leave requests",
      "description": "This template contains a flow to notify you when leave requests in Kronos require attention. A scheduler runs the flow every Monday morning to retrieve leave records from Kronos then notify you on Slack if any requests have a status of 'pending'.",
      "summary": "Scheduler to 2 applications",
      "sourceApp": "streaming-connector-scheduler",
      "targetApps": ["kronos", "slack"],
      "tags": ["scheduler", "kronos", "for each", "if", "slack"],
      "offerings": ["app connect professional"]
    },
    {
      "name": "Open Banking - Account information data load",
      "description": "This flow aggregates the account information of users with active consents set up in Yapily and stores it in IBM Cloudant",
      "summary": "Scheduler to 2 applications",
      "sourceApp": "streaming-connector-scheduler",
      "targetApps": ["yapily", "cloudantdb"],
      "tags": ["scheduler", "yapily", "for each", "if", "cloudantdb"],
      "offerings": ["app connect professional"]
    },
    {
      "name": "Create a SugarCRM lead and send email for a new Eventbrite attendee",
      "description": "This template detects when a new attendee registers for an Eventbrite event, and for the attendee creates a SugarCRM lead and sends an email. The flow illustrates the use of SugarCRM retrieve and create actions, and the use of an If node to take alternative actions depending on the response from the SugarCRM retrieve action.",
      "summary": "Eventbrite to 2 applications",
      "sourceApp": "eventbrite",
      "targetApps": ["sugarcrm", "gmail"],
      "tags": ["eventbrite", "sugarcrm", "gmail", "if", "event", "lead", "email"],
      "offerings": ["app connect professional"]
    },
    {
      "name": "Assign ServiceNow incidents to Jira and Slack",
      "description": "This template detects when a new ServiceNow incident is created; if the incident has a High urgency creates an issue in Jira and sends a message to a Slack channel; otherwise, create a task in Jira. The flow illustrates the use of Jira create and retrieve actions, and the use of an If node to take alternative actions depending on data from the ServiceNow new incident trigger event.",
      "summary": "ServiceNow to 2 applications",
      "sourceApp": "servicenow",
      "targetApps": ["jira", "slack"],
      "tags": ["servicenow", "jira", "slack", "if"],
      "offerings": ["app connect professional"]
    },
    {
      "name": "Create Sharepoint team site for new event",
      "description": "This template detects when a new Eventbrite event is created and then automatically creates a site in Microsoft Sharepoint online, adds a list to the site, and then posts a message in Slack.",
      "summary": "Eventbrite to 2 applications",
      "sourceApp": "eventbrite",
      "targetApps": ["mssharepoint", "slack"],
      "tags": ["eventbrite", "mssharepoint", "slack", "site", "list", "message"],
      "offerings": ["app connect professional"]
    },
    {
      "name": "Weekly copy Dropbox files to new COS S3 bucket named with date",
      "description": "This template copies files from a Dropbox folder to a new bucket in IBM Cloud Object Storage S3 on a weekly schedule.",
      "summary": "Dropbox to 2 applications",
      "sourceApp": "streaming-connector-scheduler",
      "targetApps": ["dropbox", "ibmcoss3"],
      "tags": ["scheduler", "dropbox", "ibmcoss3", "foreach", "if"],
      "offerings": ["app connect professional"]
    },
    {
      "name": "Orders ingestion to IBM Supply Chain Intelligence Suite from Microsoft Dynamics 365",
      "description": "Use this template to retrieve multiple global identifiers of an order from Microsoft Dynamics 365 CRM system and ingest these global identifiers as name-value pairs to the IBM Supply Chain Intelligence Suite.",
      "summary": "Scheduler to 2 applications",
      "sourceApp": "streaming-connector-scheduler",
      "targetApps": ["msdynamicscrmrest", "ibmsterlingsci", "slack"],
      "tags": ["scheduler", "msdynamics365forsales", "ibmsterlingsci", "foreach", "setVariable", "log", "slack"],
      "offerings": ["app connect professional"]
    },
    {
    "name": "Send a Slack message for urgent ServiceNow incidents",
    "description": "This template sends a message via Slack when a highly urgent incident comes in to ServiceNow. This helps you to act quickly on your urgent support incidents.",
    "summary": "ServiceNow to Slack",
    "sourceApp": "servicenow",
    "targetApps": ["slack"],
    "tags": ["servicenow", "slack", "incident"],
    "offerings": ["app connect professional"]
    },
    {
    "name": "Sync new attendee from Eventbrite to lead in Microsoft Dynamics 365",
    "description": "This template creates a new lead in Microsoft Dynamics 365 for Sales whenever a new attendee is created in Eventbrite.",
    "summary": "Eventbrite to Microsoft Dynamics 365",
    "sourceApp": "eventbrite",
    "targetApps": ["msdynamicscrmrest"],
    "tags": ["eventbrite", "msdynamicscrmrest"],
    "offerings": ["app connect professional"]
    },
    {
    "name": "Record Microsoft Dynamics 365 campaign to Google Sheets",
    "description": "This template creates a new row in Google Sheets whenever a campaign is added in Microsoft Dynamics 365 for Sales.",
    "summary": "Microsoft Dynamics 365 to Google Sheet",
    "sourceApp": "msdynamicscrmrest",
    "targetApps": ["googlesheet"],
    "tags": ["msdynamicscrmrest", "googlesheet"],
    "offerings": ["app connect professional"]
    },
    {
    "name": "Slack notifications for Closed Won opportunities in Microsoft Dynamics 365",
    "description": "This template allows you to receive Slack message with the opportunities details whenever opportunities are updated with 'Closed Won' status in Microsoft Dynamics 365 for Sales.",
    "summary": "Microsoft Dynamics 365 to Slack",
    "sourceApp": "msdynamicscrmrest",
    "targetApps": ["slack"],
    "tags": ["msdynamicscrmrest", "slack"],
    "offerings": ["app connect professional"]
    },
    {
    "name": "Record Jira issues to Google Sheets",
    "description": "This template creates a new row in Google Sheets whenever a new issue is created in Jira.",
    "summary": "Jira to Google Sheets",
    "sourceApp": "jira",
    "targetApps": ["googlesheet"],
    "tags": ["jira", "googlesheet"],
    "offerings": ["app connect professional"]
    },
    {
    "name": "Create Box folders for Jira issues",
    "description": "This template creates a Box folder with the Jira issue key whenever a new issue is created in Jira.",
    "summary": "Jira to Box",
    "sourceApp": "jira",
    "targetApps": ["box"],
    "tags": ["msdynamicscrmrest", "slack"],
    "offerings": ["app connect professional"]
    },
    {
    "name": "Slack notifications for Closed Won opportunities in SugarCRM",
    "description": "This template allows you to receive Slack message with the opportunities details whenever opportunities are updated with 'Closed Won' status in SugarCRM.",
    "summary": "SugarCRM to Slack",
    "sourceApp": "sugarcrm",
    "targetApps": ["slack"],
    "tags": ["sugarcrm", "slack"],
    "offerings": ["app connect professional"]
    },
    {
    "name": "Sync new attendee from Eventbrite with SugarCRM lead",
    "description": "This template creates a new lead in SugarCRM when a new attendee is created in Eventbrite.",
    "summary": "Eventbrite to SugarCRM",
    "sourceApp": "eventbrite",
    "targetApps": ["sugarcrm"],
    "tags": ["eventbrite", "sugarcrm"],
    "offerings": ["app connect professional"]
    },
    {
    "name": "Send a Microsoft Teams message when a case is created or updated in Microsoft Dynamics 365",
    "description": "This template allows you to receive a Microsoft Teams message with the case details when a case is created or updated in Microsoft Dynamics 365 for Sales.",
    "summary": "Microsoft Dynamics 365 to Microsoft Teams",
    "sourceApp": "msdynamicscrmrest",
    "targetApps": ["msteams"],
    "tags": ["msdynamicscrmrest", "msteams"],
    "offerings": ["app connect professional"]
    },
    {
    "name": "Send a Microsoft Teams message when a new event is created in Eventbrite",
    "description": "This template allows you to receive a Microsoft Teams message with the event details when a new event is created in Eventbrite.",
    "summary": "Eventbrite to Microsoft Teams",
    "sourceApp": "eventbrite",
    "targetApps": ["msteams"],
    "tags": ["eventbrite", "msteams"],
    "offerings": ["app connect professional"]
    },
    {
    "name": "Send a Microsoft Teams message when a new Insightly task is created",
    "description": "This template allows you to receive Microsoft Teams message with the task details when a new Insightly task is created.",
    "summary": "Insightly to Microsoft Teams",
    "sourceApp": "insightly",
    "targetApps": ["msteams"],
    "tags": ["insightly", "msteams"],
    "offerings": ["app connect professional"]
    },
    {
    "name": "Send a Slack message whenever a response is created in SurveyMonkey",
    "description": "This template allows you to receive a Slack message whenever a response is created in SurveyMonkey.",
    "summary": "SurveyMonkey to Slack",
    "sourceApp": "surveymonkey",
    "targetApps": ["slack"],
    "tags": ["surveymonkey", "slack"],
    "offerings": ["app connect professional"]
    },
    {
    "name": "Retrieve file content from Microsoft OneDrive then add to IBM Watson Discovery",
    "description": "Use this template to retrieve file content from Microsoft OneDrive and add the same document to the IBM Watson Discovery Service.",
    "summary": "Scheduler to 2 applications",
    "sourceApp": "streaming-connector-scheduler",
    "targetApps": ["msonedrive", "watsondiscovery"],
    "tags": ["msonedrive", "watsondiscovery", "scheduler", "document", "upload", "encoding"],
    "offerings": ["app connect professional"]
    },
    {
    "name": "Create a task in Asana when a new contact is created in Insightly",
    "description": "This template creates a task in Asana with the contact details when a new contact is created in Insightly. A slack message is created to notify the Insightly contact is created in Asana.",
    "summary": "Insightly to 2 applications ",
    "sourceApp": "insightly",
    "targetApps": ["asana", "slack"],
    "tags": ["insightly", "asana", "slack"],
    "offerings": ["app connect professional"]
    },
    {
    "name": "Retrieve MS Dynamics 365 leads and create an MS Excel CSV file in Dropbox at regular intervals",
    "description": "This template retrieves 10 leads maximum at a time from Microsoft Dynamics 365 for Sales and creates a Microsoft Excel .csv file with the lead details in Dropbox. The flow is triggered once a day at 00:00 UTC.",
    "summary": "Scheduler to 2 applications",
    "sourceApp": "streaming-connector-scheduler",
    "targetApps": ["msdynamicscrmrest", "dropbox"],
    "tags": ["scheduler", "msdynamicscrmrest", "dropbox"],
    "offerings": ["app connect professional"]
    },
    {
    "name": "Creates an object in Amazon S3 when a new lead is created in Microsoft Dynamics 365",
    "description": "This template creates the lead details in Amazon S3 when a new lead is created in Microsoft Dynamics 365 for Sales.",
    "summary": "Microsoft Dynamics 365 to Amazon S3",
    "sourceApp": "msdynamicscrmrest",
    "targetApps": ["amazons3"],
    "tags": ["msdynamicscrmrest", "amazons3"],
    "offerings": ["app connect professional"]
    },
    {
    "name": "Creates an object in Amazon S3 when an attachment of type incident is created in ServiceNow",
    "description": "This template creates the attachment details in Amazon S3  when an attachment of type incident is created in ServiceNow.",
    "summary": "ServiceNow to Amazon S3  ",
    "sourceApp": "servicenow",
    "targetApps": ["amazons3"],
    "tags": ["servicenow", "amazons3"],
    "offerings": ["app connect professional"]
    },
    {
    "name": "Creates a Dropbox folder and shares the link via Slack when a new spreadsheet is created in Google Sheets",
    "description": "This template creates a Dropbox folder when a new spread sheet is created in Google Sheets. A Dropbox share link is created for the folder and shared through a Slack message.",
    "summary": "Goolge Sheets to 2 applications ",
    "sourceApp": "googlesheet",
    "targetApps": ["dropbox", "dropbox", "slack"],
    "tags": ["dropbox", "googlesheet", "slack"],
    "offerings": ["app connect professional"]
    },
    {
    "name": "Creates a file in Dropbox when a new email is received in Gmail",
    "description": "This template creates a file with the email details in Dropbox when a new email is received in Gmail.",
    "summary": "Gmail to Dropbox",
    "sourceApp": "gmail",
    "targetApps": ["dropbox"],
    "tags": ["gmail", "dropbox"],
    "offerings": ["app connect professional"]
    },
    {
    "name": "Sync new attendee from Eventbrite to lead in Insightly",
    "description": "This template creates a new lead in Insightly when a new attendee is created in Eventbrite.",
    "summary": " Eventbrite to Insightly",
    "sourceApp": "eventbrite",
    "targetApps": ["insightly"],
    "tags": ["eventbrite", "insightly"],
    "offerings": ["app connect professional"]
    },
    {
    "name": "Sync new contact from Insightly to Marketo",
    "description": "This template finds a matching lead in Marketo based on the email address when a new contact is created Insightly. If a matching lead is not found, the lead is created in Marketo and a Slack notification is sent. If a matching lead is found, the lead is updated in Marketo and a Slack notification is sent.",
    "summary": "Insightly to 2 applications",
    "sourceApp": "insightly",
    "targetApps": ["marketo", "slack"],
    "tags": ["insightly", "marketo", "slack"],
    "offerings": ["app connect professional"]
    },
    {
    "name": "Creates a Trello card for a new Insightly lead",
    "description": "This template adds the card to the list in Trello when a lead is created in Insightly.",
    "summary": "Insightly to Trello",
    "sourceApp": "insightly",
    "targetApps": ["trello"],
    "tags": ["insightly", "trello"],
    "offerings": ["app connect professional"]
    },
    {
    "name": "Sync Insightly new leads with Salesforce leads",
    "description": "This template creates new leads in Salesforce when a new lead is created in Insightly.",
    "summary": "Insightly to Salesforce",
    "sourceApp": "insightly",
    "targetApps": ["salesforce"],
    "tags": ["insightly", "salesforce"],
    "offerings": ["app connect professional"]
    },
    {
    "name": "Sync Insightly contacts with Microsoft Dynamics 365 contacts",
    "description": "This template creates a contact in Microsoft Dynamics 365 for Sales when a new contact is created in Insightly.",
    "summary": "Insightly to Microsoft Dynamics 365",
    "sourceApp": "insightly",
    "targetApps": ["msdynamicscrmrest"],
    "tags": ["insightly", "msdynamicscrmrest"],
    "offerings": ["app connect professional"]
    },
    {
    "name": "Creates a file in Box when a new incident is created in ServiceNow",
    "description": "This template creates a new file in Box with the incident details when a new incident is created in ServiceNow.",
    "summary": "ServiceNow to Box",
    "sourceApp": "servicenow",
    "targetApps": ["box"],
    "tags": ["servicenow", "box"],
    "offerings": ["app connect professional"]
    },
    {
    "name": "Creates an object in Amazon S3 when a response is created in SurveyMonkey",
    "description": "This template creates an object in Amazon S3 with the survey details when a new response is created in SurveyMonkey.",
    "summary": "SurveyMonkey to Amazon A3 ",
    "sourceApp": "surveymonkey",
    "targetApps": ["amazons3"],
    "tags": ["surveymonkey", "amazons3"],
    "offerings": ["app connect professional"]
    },
    {
    "name": "Creates an object in Google Cloud Storage when a response is created in SurveyMonkey",
    "description": "This template creates an object in Google Cloud Storage with the survey details when a new response is created in SurveyMonkey.",
    "summary": "SurveyMonkey to Google Cloud Storage",
    "sourceApp": "surveymonkey",
    "targetApps": ["googlecloudstorage"],
    "tags": ["surveymonkey", "googlecloudstorage"],
    "offerings": ["app connect professional"]
    },
    {
    "name": "Send a Slack message when a high or highest priority issue is created in Jira",
    "description": "This template creates a new Slack message with the issue details when a 'High' or 'Highest' priority issue is created in Jira.",
    "summary": "Jira to Slack",
    "sourceApp": "jira",
    "targetApps": ["jira", "slack"],
    "tags": ["jira", "slack"],
    "offerings": ["app connect professional"]
    },
    {
    "name": "Creates an incident in ServiceNow when an issue is created in Jira",
    "description": "This template creates a new incident in ServiceNow with the issue details when an issue is created in Jira.",
    "summary": "Jira to ServiceNow",
    "sourceApp": "jira",
    "targetApps": ["jira", "servicenow"],
    "tags": ["jira", "servicenow"],
    "offerings": ["app connect professional"]
    },
    {
    "name": "Creates a case in Salesforce when an issue is created in Jira",
    "description": "This template creates new case in Salesforce with the issue details when an issue is created in Jira.",
    "summary": "Jira to Salesforce",
    "sourceApp": "jira",
    "targetApps": ["jira", "salesforce"],
    "tags": ["jira", "salesforce"],
    "offerings": ["app connect professional"]
    },
    {
    "name": "Send a Slack message when an incident is created in ServiceNow",
    "description": "This template creates a new Slack message when a new incident is created in ServiceNow.",
    "summary": "ServiceNow to Slack",
    "sourceApp": "servicenow",
    "targetApps": ["slack"],
    "tags": ["servicenow", "slack"],
    "offerings": ["app connect professional"]
    },
    {
    "name": "Send a Slack message when an incident is updated in ServiceNow",
    "description": "This template creates a new Slack message when an incident is updated in ServiceNow.",
    "summary": "ServiceNow to Slack",
    "sourceApp": "servicenow",
    "targetApps": ["slack"],
    "tags": ["servicenow", "slack"],
    "offerings": ["app connect professional"]
    },
    {
    "name": "Sync new or updated lead from SugarCRM to Marketo",
    "description": "This template finds a matching lead in Marketo based on the email address when a new lead is created or updated in SugarCRM. If a matching lead is not found, the lead is created in Marketo and a Slack notification is sent. If a matching lead is found, the lead is updated in Marketo and a Slack notification is sent.",
    "summary": "SugarCRM to 2 applications",
    "sourceApp": "sugarcrm",
    "targetApps": ["marketo", "slack"],
    "tags": ["sugarcrm", "marketo", "slack"],
    "offerings": ["app connect professional"]
    },
    {
    "name": "Creates a list item attachment in SharePoint and uploads it to Box when a new attachment is created in ServiceNow",
    "description": "This template uploads an attachment file with its details to a specified Box folder from Microsoft SharePoint when new attachment is created in ServiceNow.",
    "summary": "ServiceNow to 2 applications ",
    "sourceApp": "servicenow",
    "targetApps": ["mssharepoint", "box"],
    "tags": ["servicenow", "mssharepoint", "box"],
    "offerings": ["app connect professional"]
    },
    {
    "name": "Send a Microsoft Teams message whenever a response is created in SurveyMonkey",
    "description": "This template allows you to receive a Microsoft Teams message whenever a response is created in SurveyMonkey.",
    "summary": "SurveyMonkey to Microsoft Teams",
    "sourceApp": "surveymonkey",
    "targetApps": ["msteams"],
    "tags": ["surveymonkey", "msteams"],
    "offerings": ["app connect professional"]
    },
    {
    "name": "Creates a file in Dropbox when a response is created in SurveyMonkey",
    "description": "This template creates a new file in Dropbox with the survey details whenever a response is created in SurveyMonkey.",
    "summary": "SurveyMonkey to Dropbox",
    "sourceApp": "surveymonkey",
    "targetApps": ["dropbox"],
    "tags": ["surveymonkey", "dropbox"],
    "offerings": ["app connect professional"]
    },
    {
    "name": "Record ServiceNow ticket details to Google Sheets",
    "description": "Use this template to create a new row in Google Sheets when a ticket is created in ServiceNow.",
    "summary": "ServiceNow to Google Sheets",
    "sourceApp": "servicenow",
    "targetApps": ["googlesheet"],
    "tags": ["servicenow", "googlesheet"],
    "offerings": ["app connect professional"]
    },
    {
    "name": "Create new Trello card when a new case is created in Microsoft Dynamics 365",
    "description": "Use this template to create a new Trello card when a new case is created in Microsoft Dynamics 365 for Sales.",
    "summary": "Microsoft Dynamics 365 to Trello",
    "sourceApp": "msdynamicscrmrest",
    "targetApps": ["trello"],
    "tags": ["trello", "msdynamicscrmrest"],
    "offerings": ["app connect professional"]
    },
    {
    "name": "Create new user in ServiceNow when a new contact is created in Microsoft Dynamics 365",
    "description": "Use this template to create a new user in ServiceNow when a new contact is created in Microsoft Dynamics 365 for Sales.",
    "summary": "Microsoft Dynamics 365 to ServiceNow",
    "sourceApp": "msdynamicscrmrest",
    "targetApps": ["servicenow"],
    "tags": ["msdynamicscrmrest", "servicenow"],
    "offerings": ["app connect professional"]
    },
    {
    "name": "Send a Microsoft Teams message when a new product is created in Microsoft Dynamics 365",
    "description": "This template creates a new Microsoft Teams message when a new product is created in Microsoft Dynamics 365 for Sales.",
    "summary": " Microsoft Dynamics 365 to Microsoft Teams",
    "sourceApp": "msdynamicscrmrest",
    "targetApps": ["msteams"],
    "tags": ["msdynamicscrmrest", "msteams"],
    "offerings": ["app connect professional"]
    },
    {
    "name": "Send a Slack message when a new order is created in Microsoft Dynamics 365",
    "description": "This template creates a new Slack message whenever a new order is created in Microsoft Dynamics 365 for Sales.",
    "summary": "Microsoft Dynamics 365 to Slack",
    "sourceApp": "msdynamicscrmrest",
    "targetApps": ["slack"],
    "tags": ["msdynamicscrmrest", "slack"],
    "offerings": ["app connect professional"]
    },
    {
    "name": "Send a Slack message when accounts are created in Microsoft Dynamics 365",
    "description": "This template creates a new Slack message whenever a new account is created in Microsoft Dynamics 365 for Sales.",
    "summary": "Microsoft Dynamics 365 to Slack",
    "sourceApp": "msdynamicscrmrest",
    "targetApps": ["slack"],
    "tags": ["msdynamicscrmrest", "slack"],
    "offerings": ["app connect professional"]
    },
    {
    "name": "Send a Slack message when new contacts are created in Microsoft Dynamics 365",
    "description": "This template allows you to receive a Slack message with the contact details whenever new contacts are created in Microsoft Dynamics 365 for Sales.",
    "summary": "Microsoft Dynamics 365 to Slack",
    "sourceApp": "msdynamicscrmrest",
    "targetApps": ["slack"],
    "tags": ["msdynamicscrmrest", "slack"],
    "offerings": ["app connect professional"]
    },
    {
    "name": "Retrieve emails and move to another folder within Microsoft Exchange",
    "description": "This template is an API driven flow that runs on a Request and Response node. When the API is called, it retrieves emails from Microsoft Exchange. The email is then moved from the source folder to the targeted folder within Microsoft Exchange.",
    "summary": "Microsoft Exchange to Microsoft Exchange",
    "sourceApp": "msexchange",
    "targetApps": ["msexchange"],
    "tags": ["msexchange", "msexchange"],
    "offerings": ["app connect professional"]
    },
    {
    "name": "Send a Slack notification for resolved case in Microsoft Dynamics 365",
    "description": "This template creates a Slack message to notify user when a case is marked as resolved in Microsoft Dynamics 365 for Sales.",
    "summary": "Microsoft Dynamics 365 to Slack",
    "sourceApp": "msdynamicscrmrest",
    "targetApps": ["slack"],
    "tags": ["msdynamicscrmrest", "slack"],
    "offerings": ["app connect professional"]
    },
    {
    "name": "Creates an Asana task when a new Microsoft Teams message is created",
    "description": "This template creates a task in Asana if Microsoft Teams message contains the word 'task'.",
    "summary": "Microsoft Teams to Asana",
    "sourceApp": "msteams",
    "targetApps": ["asana"],
    "tags": ["msteams", "asana"],
    "offerings": ["app connect professional"]
    },
    {
    "name": "Sync new or updated contact from Microsoft Dynamics 365 to Marketo lead",
    "description": "This template updates or creates a Marketo lead when a new contact is created or updated in Microsoft Dynamics 365 for Sales based on the email address. If the email address of the Microsoft Dynamics 365 for Sales contact and Marketo lead is different, a new lead is created in Marketo. If the email address is the same, the lead is updated with the contact details in Marketo.",
    "summary": "Microsoft Dynamics 365 to Marketo",
    "sourceApp": "msdynamicscrmrest",
    "targetApps": ["marketo"],
    "tags": ["msdynamicscrmrest", "marketo"],
    "offerings": ["app connect professional"]
    },
    {
    "name": "Create a site in SharePoint when new Wufoo form is submitted",
    "description": "Use this template to create a site in SharePoint when a new form entry is submitted in Wufoo. A Microsoft Teams message is received with the site details.",
    "summary": "Wufoo to 2 applications",
    "sourceApp": "wufoo",
    "targetApps": ["mssharepoint", "msteams"],
    "tags": ["wufoo", "mssharepoint", "msteams"],
    "offerings": ["app connect professional"]
    },
    {
    "name": "Send a Microsoft Teams message when a listitem is updated in SharePoint",
    "description": "This template allows you to receive Microsoft Teams message with details when the listitem is updated in SharePoint.",
    "summary": "Microsoft SharePoint to Microsoft Teams",
    "sourceApp": "mssharepoint",
    "targetApps": ["msteams"],
    "tags": ["mssharepoint", "msteams"],
    "offerings": ["app connect professional"]
    },
    {
    "name": "Send a Slack message when a site is created or updated in SharePoint",
    "description": "This template creates a new message in Slack whenever site is created or updated in SharePoint.",
    "summary": "Microsoft SharePoint to Slack",
    "sourceApp": "mssharepoint",
    "targetApps": ["slack"],
    "tags": ["mssharepoint", "slack"],
    "offerings": ["app connect professional"]
    },
    {
    "name": "Send a Microsoft Teams message when a sales order is created or updated in Salesforce",
    "description": "This template creates a new Microsoft Teams message when a sales order is created or updated in Salesforce.",
    "summary": "Salesforce to Microsoft Teams",
    "sourceApp": "salesforce",
    "targetApps": ["msteams"],
    "tags": ["salesforce", "msteams"],
    "offerings": ["app connect professional"]
    },
    {
    "name": "Send a Slack message for every updated message in Microsoft Teams",
    "description": "This template allows you to receive a Slack message with details whenever there is any updated message in Microsoft Teams.",
    "summary": "Microsoft Teams to Slack",
    "sourceApp": "msteams",
    "targetApps": ["slack"],
    "tags": ["msteams", "slack"],
    "offerings": ["app connect professional"]
    },
    {
    "name": "Record SugarCRM campaign to Google Sheets",
    "description": "Use this template to create a new row in Google Sheets when a campaign is created in SugarCRM.",
    "summary": "SugarCRM to Google Sheets",
    "sourceApp": "sugarcrm",
    "targetApps": ["googlesheet"],
    "tags": ["sugarcrm", "googlesheet"],
    "offerings": ["app connect professional"]
    },
    {
    "name": "Send a Microsoft Teams message when an issue is created in Jira",
    "description": "This template creates a new Microsoft Teams message with the Jira issue details when an issue is created in Jira.",
    "summary": "Jira to Microsoft Teams",
    "sourceApp": "jira",
    "targetApps": ["msteams"],
    "tags": ["jira", "msteams"],
    "offerings": ["app connect professional"]
    },
    {
    "name": "Send a Microsoft Teams message when a ticket is created in ServiceNow",
    "description": "This template creates a Microsoft Teams message with the ServiceNow ticket details when a ticket is created in ServiceNow.",
    "summary": "ServiceNow to Microsoft Teams",
    "sourceApp": "servicenow",
    "targetApps": ["msteams"],
    "tags": ["servicenow", "msteams"],
    "offerings": ["app connect professional"]
    },
    {
    "name": "Creates a Dropbox file when a new attachment is created in ServiceNow",
    "description": "This template uploads the attachment file details to Dropbox when a new attachment is created in ServiceNow",
    "summary": "ServiceNow to Dropbox",
    "sourceApp": "servicenow",
    "targetApps": ["dropbox"],
    "tags": ["servicenow", "dropbox"],
    "offerings": ["app connect professional"]
    },
    {
    "name": "Sync new case from Microsoft Dynamics 365 to ServiceNow",
    "description": "This template creates a new incident in ServiceNow when a new case is created in Microsoft Dynamics 365 for Sales.",
    "summary": "Microsoft Dynamics 365 to ServiceNow",
    "sourceApp": "msdynamicscrmrest",
    "targetApps": ["servicenow"],
    "tags": ["servicenow", "msdynamicscrmrest"],
    "offerings": ["app connect professional"]
    },
    {
    "name": "Sync leads from Microsoft Dynamics 365 to Marketo",
    "description": "This template finds a matching lead in Marketo based on the email address when a new lead is created in Microsoft Dynamics 365 for Sales. If a matching lead is not found, the lead is created in Marketo.",
    "summary": "Microsoft Dynamics 365 to Marketo",
    "sourceApp": "msdynamicscrmrest",
    "targetApps": ["marketo"],
    "tags": ["msdynamicscrmrest", "marketo"],
    "offerings": ["app connect professional"]
    },
    {
    "name": "Create SharePoint list item attachment for new Asana task",
    "description": "This template creates a list item attachment with the task details when new task is created in Asana.",
    "summary": "Asana to SharePoint",
    "sourceApp": "asana",
    "targetApps": ["mssharepoint"],
    "tags": ["asana", "mssharepoint"],
    "offerings": ["app connect professional"]
    },
    {
    "name": "Create a Trello card for new SharePoint listitem",
    "description": "This template creates a new Trello card when new listitem is created in Microsoft SharePoint.",
    "summary": "SharePoint to Trello",
    "sourceApp": "mssharepoint",
    "targetApps": ["trello"],
    "tags": ["mssharepoint", "trello"],
    "offerings": ["app connect professional"]
    },
    {
    "name": "Sync leads from SugarCRM to Marketo",
    "description": "This template finds a matching lead in Marketo based on the email address when new lead is created in SugarCRM. If a matching lead is not found, the lead is created in Marketo.",
    "summary": "SugarCRM to Marketo",
    "sourceApp": "sugarcrm",
    "targetApps": ["marketo"],
    "tags": ["sugarcrm", "marketo"],
    "offerings": ["app connect professional"]
    },
    {
    "name": "Create a user in Microsoft AD for each contact in Salesforce",
    "description": "Use this template to retrieve contacts from Salesforce, then for each create a user in Microsoft Active Directory, and then update the Saleforce contact.",
    "summary": "Scheduler to 2 applications",
    "sourceApp": "streaming-connector-scheduler",
    "targetApps": ["msad", "salesforce"],
    "tags": ["msad", "salesforce", "scheduler", "contact", "foreach", "user"],
    "offerings": ["app connect professional"]
    },
    {
    "name": "Create a new task in Asana when a new Salesforce campaign is created",
    "description": "Use this template to create a new task in Asana for a new Salesforce campaign, setting the Asana task name to the name of the Salesforce campaign.",
    "summary": "Salesforce to Asana",
    "sourceApp": "Salesforce",
    "targetApps": ["Asana"],
    "tags": ["Salesforce", "Asana"],
    "offerings": ["app connect professional"]
    },
    {
    "name": "Send a message on Slack when a new Salesforce contact is created",
    "description": "Use this template to send a Slack message when a new contact created in Salesforce, with the message containing data from the Salesforce contact.",
    "summary": "Salesforce to Slack",
    "sourceApp": "Salesforce",
    "targetApps": ["Slack"],
    "tags": ["Salesforce", "Slack"],
    "offerings": ["app connect professional"]
    },
    {
    "name": "Record Eventbrite attendees to Google Sheets",
    "description": "Use this template to record each newly-registered attendee of an Eventbrite event as a new row in Google Sheets",
    "summary": "Eventbrite to Google Sheets",
    "sourceApp": "eventbrite",
    "targetApps": ["googlesheet"],
    "tags": ["googlesheet", "eventbrite"],
    "offerings": ["app connect professional"]
    },
    {
    "name": "Create a new Jira issue for a new Trello card",
    "description": "When a new issue is created in Jira, a new Trello card is created with metadata from the Jira issue.",
    "summary": "Jira Issue to Trello Card",
    "sourceApp": "jira",
    "targetApps": ["trello"],
    "tags": ["jira", "trello"],
    "offerings": ["app connect professional"]
    },
    {
      "name": "Create a new Trello card when a new opportunity record is created in Salesforce",
      "description": "Learn how easy it is to use App Connect to connect Salesforce to Trello so that every time a new opportunity is created in Salesforce, details of that opportunity are added automatically to a card list in the Trello account.",
      "summary": "Salesforce to Trello",
      "sourceApp": "salesforce",
      "targetApps": ["trello"],
      "tags": ["salesforce", "trello", "opportunity", "card", "list", "sales", "event-driven flow"],
      "offerings": ["app connect professional"]
    },
    {
      "name": "Create a new Trello card when a new row is added in Google Sheets",
      "description": "Learn how easy it is to use App Connect to connect Google Sheets to Trello so that every time a new row is added in Google Sheets, a new card is created in the Trello account with metadata of the new row from Google Sheets.",
      "summary": "Google Sheets to Trello",
      "sourceApp": "googlesheet",
      "targetApps": ["trello"],
      "tags": ["trello", "googlesheets", "spreadsheet", "record", "card", "event-driven flow", "row","metadata"],
      "offerings": ["app connect professional"]
    },
    {
    "name": "Send an SMS message when a new task is created in Asana",
    "description":"Whenever a new Task is created in Asana, an SMS is sent to the user",
    "summary": "asana to twilio",
    "sourceApp": "asana",
    "targetApps": ["twilio"],
    "tags": ["asana","twilio"],
    "offerings": ["app connect professional"]
    },
    {
    "name": "Creates a task in Asana when an issue is created in Jira",
    "description": "Whenever a new Issue is created in Jira, a new task is created in Asana",
    "summary": "Jira to Asana",
    "sourceApp": "jira",
    "targetApps": ["asana"],
    "tags": ["jira","asana"],
    "offerings": ["app connect professional"]
    },
    {
    "name": "Event weather criteria check API",
    "description": "An API to get the weather forecast for an Eventbrite event and take different actions based on weather criteria.",
    "summary": "1 flow using 4 applications",
    "sourceApp": "api",
    "targetApps": ["eventbrite", "http", "ibmtwc"],
    "tags": ["api", "eventbrite", "http", "ibmtwc", "weather"],
    "offerings": ["app connect professional"]
    },
    {
    "name": "Create data extension values in Salesforce Marketing Cloud for contacts created in Salesforce event",
    "description": "Use this template to create a contact’s data extension values table with the contact’s details whenever a contact is created in a Salesforce New contact event.",
    "summary": "Salesforce to Salesforce Marketing Cloud",
    "sourceApp": "salesforce",
    "targetApps": ["salesforcemc", "salesforcemc", "slack"],
    "tags": ["salesforcemc", "salesforce", "slack"],
    "offerings": ["app connect professional"]
    }
  ]
}
